{"cameraMode":{"drawMode":0,"name":"Shaded","section":"Shading Mode"},"sceneLighting":true,"audioPlay":false,"sceneViewState":{"showFog":true,"showMaterialUpdate":false,"showSkybox":true,"showFlares":true,"showImageEffects":true,"showParticleSystems":true},"in2DMode":false,"pivot":{"x":227.98822021484376,"y":3.710317611694336,"z":441.4769287109375},"rotation":{"x":-0.0028739285189658405,"y":0.28690966963768008,"z":0.000860669300891459,"w":0.9579547643661499},"size":1701.3912353515625,"orthographic":false}