{"cameraMode":{"drawMode":0,"name":"Shaded","section":"Shading Mode"},"sceneLighting":true,"audioPlay":false,"sceneViewState":{"showFog":true,"showMaterialUpdate":false,"showSkybox":true,"showFlares":true,"showImageEffects":true,"showParticleSystems":true},"in2DMode":false,"pivot":{"x":550.0853271484375,"y":395.5972900390625,"z":145.28878784179688},"rotation":{"x":-0.007189652882516384,"y":-0.015004033222794533,"z":-0.0001100797308026813,"w":0.9998680949211121},"size":959.364013671875,"orthographic":false}