{"cameraMode":{"drawMode":0,"name":"Shaded","section":"Shading Mode"},"sceneLighting":true,"audioPlay":false,"sceneViewState":{"showFog":true,"showMaterialUpdate":false,"showSkybox":true,"showFlares":true,"showImageEffects":true,"showParticleSystems":true},"in2DMode":false,"pivot":{"x":0.0,"y":-0.9417825937271118,"z":-3.887899875640869},"rotation":{"x":0.01843012310564518,"y":-0.889436662197113,"z":0.4562215507030487,"w":0.032393038272857669},"size":88.46405792236328,"orthographic":false}