{"cameraMode":{"drawMode":0,"name":"Shaded","section":"Shading Mode"},"sceneLighting":true,"audioPlay":false,"sceneViewState":{"showFog":true,"showMaterialUpdate":false,"showSkybox":true,"showFlares":true,"showImageEffects":true,"showParticleSystems":true},"in2DMode":false,"pivot":{"x":4.525815486907959,"y":40.546302795410159,"z":10.542350769042969},"rotation":{"x":0.01843012310564518,"y":-0.889436662197113,"z":0.4562215507030487,"w":0.032393038272857669},"size":102.11146545410156,"orthographic":false}